IndicatorType,IndicatorValue,ExpirationTime,Action,Severity,Title,Description,RecommendedActions,RbacGroups,Category,MitreTechniques,GenerateAlert
DomainName,adventureai.gg,,Block,Informational,Unsanctioned: Ungoverned AI,Unsanctioned: Ungoverned AI,Unsanctioned: Ungoverned AI,,,,FALSE
DomainName,ai2006.io,,Block,Informational,Unsanctioned: Ungoverned AI,Unsanctioned: Ungoverned AI,Unsanctioned: Ungoverned AI,,,,FALSE
DomainName,ai21.com,,Block,Informational,Unsanctioned: Ungoverned AI,Unsanctioned: Ungoverned AI,Unsanctioned: Ungoverned AI,,,,FALSE
DomainName,aibuddy.chat,,Block,Informational,Unsanctioned: Ungoverned AI,Unsanctioned: Ungoverned AI,Unsanctioned: Ungoverned AI,,,,FALSE
DomainName,aidungeon.io,,Block,Informational,Unsanctioned: Ungoverned AI,Unsanctioned: Ungoverned AI,Unsanctioned: Ungoverned AI,,,,FALSE
DomainName,aigcdeep.com,,Block,Informational,Unsanctioned: Ungoverned AI,Unsanctioned: Ungoverned AI,Unsanctioned: Ungoverned AI,,,,FALSE
DomainName,ai-ghostwriter.com,,Block,Informational,Unsanctioned: Ungoverned AI,Unsanctioned: Ungoverned AI,Unsanctioned: Ungoverned AI,,,,FALSE
DomainName,aiisajoke.com,,Block,Informational,Unsanctioned: Ungoverned AI,Unsanctioned: Ungoverned AI,Unsanctioned: Ungoverned AI,,,,FALSE
DomainName,ailessonplan.com,,Block,Informational,Unsanctioned: Ungoverned AI,Unsanctioned: Ungoverned AI,Unsanctioned: Ungoverned AI,,,,FALSE
DomainName,aipoemgenerator.org,,Block,Informational,Unsanctioned: Ungoverned AI,Unsanctioned: Ungoverned AI,Unsanctioned: Ungoverned AI,,,,FALSE
DomainName,aireception.io,,Block,Informational,Unsanctioned: Ungoverned AI,Unsanctioned: Ungoverned AI,Unsanctioned: Ungoverned AI,,,,FALSE
DomainName,ai-writer.com,,Block,Informational,Unsanctioned: Ungoverned AI,Unsanctioned: Ungoverned AI,Unsanctioned: Ungoverned AI,,,,FALSE
DomainName,aiwritingpal.com,,Block,Informational,Unsanctioned: Ungoverned AI,Unsanctioned: Ungoverned AI,Unsanctioned: Ungoverned AI,,,,FALSE
DomainName,allenai.org,,Block,Informational,Unsanctioned: Ungoverned AI,Unsanctioned: Ungoverned AI,Unsanctioned: Ungoverned AI,,,,FALSE
DomainName,analogenie.com,,Block,Informational,Unsanctioned: Ungoverned AI,Unsanctioned: Ungoverned AI,Unsanctioned: Ungoverned AI,,,,FALSE
DomainName,anythingllm.com,,Block,Informational,Unsanctioned: Ungoverned AI,Unsanctioned: Ungoverned AI,Unsanctioned: Ungoverned AI,,,,FALSE
DomainName,anyword.com,,Block,Informational,Unsanctioned: Ungoverned AI,Unsanctioned: Ungoverned AI,Unsanctioned: Ungoverned AI,,,,FALSE
DomainName,app.aleph-alpha.com,,Block,Informational,Unsanctioned: Ungoverned AI,Unsanctioned: Ungoverned AI,Unsanctioned: Ungoverned AI,,,,FALSE
DomainName,app.getmerlin.in,,Block,Informational,Unsanctioned: Ungoverned AI,Unsanctioned: Ungoverned AI,Unsanctioned: Ungoverned AI,,,,FALSE
DomainName,app.iokoo.co,,Block,Informational,Unsanctioned: Ungoverned AI,Unsanctioned: Ungoverned AI,Unsanctioned: Ungoverned AI,,,,FALSE
DomainName,app.longshot.ai,,Block,Informational,Unsanctioned: Ungoverned AI,Unsanctioned: Ungoverned AI,Unsanctioned: Ungoverned AI,,,,FALSE
DomainName,app.neuro-flash.com,,Block,Informational,Unsanctioned: Ungoverned AI,Unsanctioned: Ungoverned AI,Unsanctioned: Ungoverned AI,,,,FALSE
DomainName,applaime.com,,Block,Informational,Unsanctioned: Ungoverned AI,Unsanctioned: Ungoverned AI,Unsanctioned: Ungoverned AI,,,,FALSE
DomainName,archie.8base.com,,Block,Informational,Unsanctioned: Ungoverned AI,Unsanctioned: Ungoverned AI,Unsanctioned: Ungoverned AI,,,,FALSE
DomainName,articlefiesta.com,,Block,Informational,Unsanctioned: Ungoverned AI,Unsanctioned: Ungoverned AI,Unsanctioned: Ungoverned AI,,,,FALSE
DomainName,articleforge.com,,Block,Informational,Unsanctioned: Ungoverned AI,Unsanctioned: Ungoverned AI,Unsanctioned: Ungoverned AI,,,,FALSE
DomainName,askbrian.ai,,Block,Informational,Unsanctioned: Ungoverned AI,Unsanctioned: Ungoverned AI,Unsanctioned: Ungoverned AI,,,,FALSE
DomainName,askjack.io,,Block,Informational,Unsanctioned: Ungoverned AI,Unsanctioned: Ungoverned AI,Unsanctioned: Ungoverned AI,,,,FALSE
DomainName,asksocrates.app,,Block,Informational,Unsanctioned: Ungoverned AI,Unsanctioned: Ungoverned AI,Unsanctioned: Ungoverned AI,,,,FALSE
DomainName,aws.amazon.com/bedrock/titan,,Block,Informational,Unsanctioned: Ungoverned AI,Unsanctioned: Ungoverned AI,Unsanctioned: Ungoverned AI,,,,FALSE
DomainName,aws.amazon.com/q,,Block,Informational,Unsanctioned: Ungoverned AI,Unsanctioned: Ungoverned AI,Unsanctioned: Ungoverned AI,,,,FALSE
DomainName,azure.microsoft.com/en-us/products/ai-services/openai-service,,Block,Informational,Unsanctioned: Ungoverned AI,Unsanctioned: Ungoverned AI,Unsanctioned: Ungoverned AI,,,,FALSE
DomainName,bard.google.com,,Block,Informational,Unsanctioned: Ungoverned AI,Unsanctioned: Ungoverned AI,Unsanctioned: Ungoverned AI,,,,FALSE
DomainName,bearly.ai,,Block,Informational,Unsanctioned: Ungoverned AI,Unsanctioned: Ungoverned AI,Unsanctioned: Ungoverned AI,,,,FALSE
DomainName,beatoven.ai,,Block,Informational,Unsanctioned: Ungoverned AI,Unsanctioned: Ungoverned AI,Unsanctioned: Ungoverned AI,,,,FALSE
DomainName,beautiful.ai,,Block,Informational,Unsanctioned: Ungoverned AI,Unsanctioned: Ungoverned AI,Unsanctioned: Ungoverned AI,,,,FALSE
DomainName,beewriter.com,,Block,Informational,Unsanctioned: Ungoverned AI,Unsanctioned: Ungoverned AI,Unsanctioned: Ungoverned AI,,,,FALSE
DomainName,bettersynonyms.com,,Block,Informational,Unsanctioned: Ungoverned AI,Unsanctioned: Ungoverned AI,Unsanctioned: Ungoverned AI,,,,FALSE
DomainName,bing.com/chat,,Block,Informational,Unsanctioned: Ungoverned AI,Unsanctioned: Ungoverned AI,Unsanctioned: Ungoverned AI,,,,FALSE
DomainName,bomml.ai,,Block,Informational,Unsanctioned: Ungoverned AI,Unsanctioned: Ungoverned AI,Unsanctioned: Ungoverned AI,,,,FALSE
DomainName,bots.miku.gg,,Block,Informational,Unsanctioned: Ungoverned AI,Unsanctioned: Ungoverned AI,Unsanctioned: Ungoverned AI,,,,FALSE
DomainName,botstar.com,,Block,Informational,Unsanctioned: Ungoverned AI,Unsanctioned: Ungoverned AI,Unsanctioned: Ungoverned AI,,,,FALSE
DomainName,browsegpt.ai,,Block,Informational,Unsanctioned: Ungoverned AI,Unsanctioned: Ungoverned AI,Unsanctioned: Ungoverned AI,,,,FALSE
DomainName,bulkgpt.ai,,Block,Informational,Unsanctioned: Ungoverned AI,Unsanctioned: Ungoverned AI,Unsanctioned: Ungoverned AI,,,,FALSE
DomainName,buster.ai,,Block,Informational,Unsanctioned: Ungoverned AI,Unsanctioned: Ungoverned AI,Unsanctioned: Ungoverned AI,,,,FALSE
DomainName,censusgpt.com,,Block,Informational,Unsanctioned: Ungoverned AI,Unsanctioned: Ungoverned AI,Unsanctioned: Ungoverned AI,,,,FALSE
DomainName,chai-research.com,,Block,Informational,Unsanctioned: Ungoverned AI,Unsanctioned: Ungoverned AI,Unsanctioned: Ungoverned AI,,,,FALSE
DomainName,character.ai,,Block,Informational,Unsanctioned: Ungoverned AI,Unsanctioned: Ungoverned AI,Unsanctioned: Ungoverned AI,,,,FALSE
DomainName,charley.ai,,Block,Informational,Unsanctioned: Ungoverned AI,Unsanctioned: Ungoverned AI,Unsanctioned: Ungoverned AI,,,,FALSE
DomainName,charshift.com,,Block,Informational,Unsanctioned: Ungoverned AI,Unsanctioned: Ungoverned AI,Unsanctioned: Ungoverned AI,,,,FALSE
DomainName,chat.lmsys.org,,Block,Informational,Unsanctioned: Ungoverned AI,Unsanctioned: Ungoverned AI,Unsanctioned: Ungoverned AI,,,,FALSE
DomainName,chat.mymap.ai,,Block,Informational,Unsanctioned: Ungoverned AI,Unsanctioned: Ungoverned AI,Unsanctioned: Ungoverned AI,,,,FALSE
DomainName,chat.nbox.ai,,Block,Informational,Unsanctioned: Ungoverned AI,Unsanctioned: Ungoverned AI,Unsanctioned: Ungoverned AI,,,,FALSE
DomainName,chatbase.co,,Block,Informational,Unsanctioned: Ungoverned AI,Unsanctioned: Ungoverned AI,Unsanctioned: Ungoverned AI,,,,FALSE
DomainName,chatbit.co,,Block,Informational,Unsanctioned: Ungoverned AI,Unsanctioned: Ungoverned AI,Unsanctioned: Ungoverned AI,,,,FALSE
DomainName,chatbotgen.com,,Block,Informational,Unsanctioned: Ungoverned AI,Unsanctioned: Ungoverned AI,Unsanctioned: Ungoverned AI,,,,FALSE
DomainName,chatgate.ai,,Block,Informational,Unsanctioned: Ungoverned AI,Unsanctioned: Ungoverned AI,Unsanctioned: Ungoverned AI,,,,FALSE
DomainName,chatgpt.com,,Block,Informational,Unsanctioned: Ungoverned AI,Unsanctioned: Ungoverned AI,Unsanctioned: Ungoverned AI,,,,FALSE
DomainName,chatgptdemo.net,,Block,Informational,Unsanctioned: Ungoverned AI,Unsanctioned: Ungoverned AI,Unsanctioned: Ungoverned AI,,,,FALSE
DomainName,chatgptduo.com,,Block,Informational,Unsanctioned: Ungoverned AI,Unsanctioned: Ungoverned AI,Unsanctioned: Ungoverned AI,,,,FALSE
DomainName,chatgptspanish.org,,Block,Informational,Unsanctioned: Ungoverned AI,Unsanctioned: Ungoverned AI,Unsanctioned: Ungoverned AI,,,,FALSE
DomainName,chatpdf.com,,Block,Informational,Unsanctioned: Ungoverned AI,Unsanctioned: Ungoverned AI,Unsanctioned: Ungoverned AI,,,,FALSE
DomainName,chatsimple.ai,,Block,Informational,Unsanctioned: Ungoverned AI,Unsanctioned: Ungoverned AI,Unsanctioned: Ungoverned AI,,,,FALSE
DomainName,chattab.app,,Block,Informational,Unsanctioned: Ungoverned AI,Unsanctioned: Ungoverned AI,Unsanctioned: Ungoverned AI,,,,FALSE
DomainName,claid.ai,,Block,Informational,Unsanctioned: Ungoverned AI,Unsanctioned: Ungoverned AI,Unsanctioned: Ungoverned AI,,,,FALSE
DomainName,claralabs.com,,Block,Informational,Unsanctioned: Ungoverned AI,Unsanctioned: Ungoverned AI,Unsanctioned: Ungoverned AI,,,,FALSE
DomainName,claude.ai,,Block,Informational,Unsanctioned: Ungoverned AI,Unsanctioned: Ungoverned AI,Unsanctioned: Ungoverned AI,,,,FALSE
DomainName,clipdrop.co/stable-diffusion,,Block,Informational,Unsanctioned: Ungoverned AI,Unsanctioned: Ungoverned AI,Unsanctioned: Ungoverned AI,,,,FALSE
DomainName,cmdj.app,,Block,Informational,Unsanctioned: Ungoverned AI,Unsanctioned: Ungoverned AI,Unsanctioned: Ungoverned AI,,,,FALSE
DomainName,coachvox.ai,,Block,Informational,Unsanctioned: Ungoverned AI,Unsanctioned: Ungoverned AI,Unsanctioned: Ungoverned AI,,,,FALSE
DomainName,codesnippets.ai,,Block,Informational,Unsanctioned: Ungoverned AI,Unsanctioned: Ungoverned AI,Unsanctioned: Ungoverned AI,,,,FALSE
DomainName,cohere.com,,Block,Informational,Unsanctioned: Ungoverned AI,Unsanctioned: Ungoverned AI,Unsanctioned: Ungoverned AI,,,,FALSE
DomainName,cohesive.so,,Block,Informational,Unsanctioned: Ungoverned AI,Unsanctioned: Ungoverned AI,Unsanctioned: Ungoverned AI,,,,FALSE
DomainName,compose.ai,,Block,Informational,Unsanctioned: Ungoverned AI,Unsanctioned: Ungoverned AI,Unsanctioned: Ungoverned AI,,,,FALSE
DomainName,console.anthropic.com,,Block,Informational,Unsanctioned: Ungoverned AI,Unsanctioned: Ungoverned AI,Unsanctioned: Ungoverned AI,,,,FALSE
DomainName,contentbot.ai,,Block,Informational,Unsanctioned: Ungoverned AI,Unsanctioned: Ungoverned AI,Unsanctioned: Ungoverned AI,,,,FALSE
DomainName,contentvillain.com,,Block,Informational,Unsanctioned: Ungoverned AI,Unsanctioned: Ungoverned AI,Unsanctioned: Ungoverned AI,,,,FALSE
DomainName,conversionblitz.com,,Block,Informational,Unsanctioned: Ungoverned AI,Unsanctioned: Ungoverned AI,Unsanctioned: Ungoverned AI,,,,FALSE
DomainName,copilot.microsoft.com,,Block,Informational,Unsanctioned: Ungoverned AI,Unsanctioned: Ungoverned AI,Unsanctioned: Ungoverned AI,,,,FALSE
DomainName,copy.ai,,Block,Informational,Unsanctioned: Ungoverned AI,Unsanctioned: Ungoverned AI,Unsanctioned: Ungoverned AI,,,,FALSE
DomainName,copymatic.ai,,Block,Informational,Unsanctioned: Ungoverned AI,Unsanctioned: Ungoverned AI,Unsanctioned: Ungoverned AI,,,,FALSE
DomainName,copymonkey.ai,,Block,Informational,Unsanctioned: Ungoverned AI,Unsanctioned: Ungoverned AI,Unsanctioned: Ungoverned AI,,,,FALSE
DomainName,copysmith.ai,,Block,Informational,Unsanctioned: Ungoverned AI,Unsanctioned: Ungoverned AI,Unsanctioned: Ungoverned AI,,,,FALSE
DomainName,copyter.com,,Block,Informational,Unsanctioned: Ungoverned AI,Unsanctioned: Ungoverned AI,Unsanctioned: Ungoverned AI,,,,FALSE
DomainName,copytruck.com,,Block,Informational,Unsanctioned: Ungoverned AI,Unsanctioned: Ungoverned AI,Unsanctioned: Ungoverned AI,,,,FALSE
DomainName,coursebox.ai,,Block,Informational,Unsanctioned: Ungoverned AI,Unsanctioned: Ungoverned AI,Unsanctioned: Ungoverned AI,,,,FALSE
DomainName,coverler.com,,Block,Informational,Unsanctioned: Ungoverned AI,Unsanctioned: Ungoverned AI,Unsanctioned: Ungoverned AI,,,,FALSE
DomainName,craftly.ai,,Block,Informational,Unsanctioned: Ungoverned AI,Unsanctioned: Ungoverned AI,Unsanctioned: Ungoverned AI,,,,FALSE
DomainName,crammer.app,,Block,Informational,Unsanctioned: Ungoverned AI,Unsanctioned: Ungoverned AI,Unsanctioned: Ungoverned AI,,,,FALSE
DomainName,creaitor.ai,,Block,Informational,Unsanctioned: Ungoverned AI,Unsanctioned: Ungoverned AI,Unsanctioned: Ungoverned AI,,,,FALSE
DomainName,cronbot.ai,,Block,Informational,Unsanctioned: Ungoverned AI,Unsanctioned: Ungoverned AI,Unsanctioned: Ungoverned AI,,,,FALSE
DomainName,dante-ai.com,,Block,Informational,Unsanctioned: Ungoverned AI,Unsanctioned: Ungoverned AI,Unsanctioned: Ungoverned AI,,,,FALSE
DomainName,deepai.org,,Block,Informational,Unsanctioned: Ungoverned AI,Unsanctioned: Ungoverned AI,Unsanctioned: Ungoverned AI,,,,FALSE
DomainName,deep-image.ai,,Block,Informational,Unsanctioned: Ungoverned AI,Unsanctioned: Ungoverned AI,Unsanctioned: Ungoverned AI,,,,FALSE
DomainName,deepreview.eu,,Block,Informational,Unsanctioned: Ungoverned AI,Unsanctioned: Ungoverned AI,Unsanctioned: Ungoverned AI,,,,FALSE
DomainName,deepseek.com,,Block,Informational,Unsanctioned: Ungoverned AI,Unsanctioned: Ungoverned AI,Unsanctioned: Ungoverned AI,,,,FALSE
DomainName,descrii.tech,,Block,Informational,Unsanctioned: Ungoverned AI,Unsanctioned: Ungoverned AI,Unsanctioned: Ungoverned AI,,,,FALSE
DomainName,designs.ai,,Block,Informational,Unsanctioned: Ungoverned AI,Unsanctioned: Ungoverned AI,Unsanctioned: Ungoverned AI,,,,FALSE
DomainName,docgpt.ai,,Block,Informational,Unsanctioned: Ungoverned AI,Unsanctioned: Ungoverned AI,Unsanctioned: Ungoverned AI,,,,FALSE
DomainName,donakosy.com,,Block,Informational,Unsanctioned: Ungoverned AI,Unsanctioned: Ungoverned AI,Unsanctioned: Ungoverned AI,,,,FALSE
DomainName,dreamily.ai,,Block,Informational,Unsanctioned: Ungoverned AI,Unsanctioned: Ungoverned AI,Unsanctioned: Ungoverned AI,,,,FALSE
DomainName,echo.win,,Block,Informational,Unsanctioned: Ungoverned AI,Unsanctioned: Ungoverned AI,Unsanctioned: Ungoverned AI,,,,FALSE
DomainName,editgpt.app,,Block,Informational,Unsanctioned: Ungoverned AI,Unsanctioned: Ungoverned AI,Unsanctioned: Ungoverned AI,,,,FALSE
DomainName,edwardbot.com,,Block,Informational,Unsanctioned: Ungoverned AI,Unsanctioned: Ungoverned AI,Unsanctioned: Ungoverned AI,,,,FALSE
DomainName,eilla.ai,,Block,Informational,Unsanctioned: Ungoverned AI,Unsanctioned: Ungoverned AI,Unsanctioned: Ungoverned AI,,,,FALSE
DomainName,elai.io,,Block,Informational,Unsanctioned: Ungoverned AI,Unsanctioned: Ungoverned AI,Unsanctioned: Ungoverned AI,,,,FALSE
DomainName,elephas.app,,Block,Informational,Unsanctioned: Ungoverned AI,Unsanctioned: Ungoverned AI,Unsanctioned: Ungoverned AI,,,,FALSE
DomainName,eleuther.ai,,Block,Informational,Unsanctioned: Ungoverned AI,Unsanctioned: Ungoverned AI,Unsanctioned: Ungoverned AI,,,,FALSE
DomainName,essayailab.com,,Block,Informational,Unsanctioned: Ungoverned AI,Unsanctioned: Ungoverned AI,Unsanctioned: Ungoverned AI,,,,FALSE
DomainName,essay-builder.ai,,Block,Informational,Unsanctioned: Ungoverned AI,Unsanctioned: Ungoverned AI,Unsanctioned: Ungoverned AI,,,,FALSE
DomainName,essaygrader.ai,,Block,Informational,Unsanctioned: Ungoverned AI,Unsanctioned: Ungoverned AI,Unsanctioned: Ungoverned AI,,,,FALSE
DomainName,essaypal.ai,,Block,Informational,Unsanctioned: Ungoverned AI,Unsanctioned: Ungoverned AI,Unsanctioned: Ungoverned AI,,,,FALSE
DomainName,falconllm.tii.ae,,Block,Informational,Unsanctioned: Ungoverned AI,Unsanctioned: Ungoverned AI,Unsanctioned: Ungoverned AI,,,,FALSE
DomainName,fanfuel.app,,Block,Informational,Unsanctioned: Ungoverned AI,Unsanctioned: Ungoverned AI,Unsanctioned: Ungoverned AI,,,,FALSE
DomainName,finechat.ai,,Block,Informational,Unsanctioned: Ungoverned AI,Unsanctioned: Ungoverned AI,Unsanctioned: Ungoverned AI,,,,FALSE
DomainName,finito.ai,,Block,Informational,Unsanctioned: Ungoverned AI,Unsanctioned: Ungoverned AI,Unsanctioned: Ungoverned AI,,,,FALSE
DomainName,fireflies.ai,,Block,Informational,Unsanctioned: Ungoverned AI,Unsanctioned: Ungoverned AI,Unsanctioned: Ungoverned AI,,,,FALSE
DomainName,firefly.adobe.com,,Block,Informational,Unsanctioned: Ungoverned AI,Unsanctioned: Ungoverned AI,Unsanctioned: Ungoverned AI,,,,FALSE
DomainName,firetexts.co,,Block,Informational,Unsanctioned: Ungoverned AI,Unsanctioned: Ungoverned AI,Unsanctioned: Ungoverned AI,,,,FALSE
DomainName,flowgpt.com,,Block,Informational,Unsanctioned: Ungoverned AI,Unsanctioned: Ungoverned AI,Unsanctioned: Ungoverned AI,,,,FALSE
DomainName,flowrite.com,,Block,Informational,Unsanctioned: Ungoverned AI,Unsanctioned: Ungoverned AI,Unsanctioned: Ungoverned AI,,,,FALSE
DomainName,forethought.ai,,Block,Informational,Unsanctioned: Ungoverned AI,Unsanctioned: Ungoverned AI,Unsanctioned: Ungoverned AI,,,,FALSE
DomainName,formwise.ai,,Block,Informational,Unsanctioned: Ungoverned AI,Unsanctioned: Ungoverned AI,Unsanctioned: Ungoverned AI,,,,FALSE
DomainName,frase.io,,Block,Informational,Unsanctioned: Ungoverned AI,Unsanctioned: Ungoverned AI,Unsanctioned: Ungoverned AI,,,,FALSE
DomainName,freedomgpt.com,,Block,Informational,Unsanctioned: Ungoverned AI,Unsanctioned: Ungoverned AI,Unsanctioned: Ungoverned AI,,,,FALSE
DomainName,gajix.com,,Block,Informational,Unsanctioned: Ungoverned AI,Unsanctioned: Ungoverned AI,Unsanctioned: Ungoverned AI,,,,FALSE
DomainName,galichat.com,,Block,Informational,Unsanctioned: Ungoverned AI,Unsanctioned: Ungoverned AI,Unsanctioned: Ungoverned AI,,,,FALSE
DomainName,gemini.google.com,,Block,Informational,Unsanctioned: Ungoverned AI,Unsanctioned: Ungoverned AI,Unsanctioned: Ungoverned AI,,,,FALSE
DomainName,genei.io,,Block,Informational,Unsanctioned: Ungoverned AI,Unsanctioned: Ungoverned AI,Unsanctioned: Ungoverned AI,,,,FALSE
DomainName,generatorxyz.com,,Block,Informational,Unsanctioned: Ungoverned AI,Unsanctioned: Ungoverned AI,Unsanctioned: Ungoverned AI,,,,FALSE
DomainName,getchunky.io,,Block,Informational,Unsanctioned: Ungoverned AI,Unsanctioned: Ungoverned AI,Unsanctioned: Ungoverned AI,,,,FALSE
DomainName,getgptapi.com,,Block,Informational,Unsanctioned: Ungoverned AI,Unsanctioned: Ungoverned AI,Unsanctioned: Ungoverned AI,,,,FALSE
DomainName,getliner.com,,Block,Informational,Unsanctioned: Ungoverned AI,Unsanctioned: Ungoverned AI,Unsanctioned: Ungoverned AI,,,,FALSE
DomainName,getsmartgpt.com,,Block,Informational,Unsanctioned: Ungoverned AI,Unsanctioned: Ungoverned AI,Unsanctioned: Ungoverned AI,,,,FALSE
DomainName,gettrove.co,,Block,Informational,Unsanctioned: Ungoverned AI,Unsanctioned: Ungoverned AI,Unsanctioned: Ungoverned AI,,,,FALSE
DomainName,getvoila.ai,,Block,Informational,Unsanctioned: Ungoverned AI,Unsanctioned: Ungoverned AI,Unsanctioned: Ungoverned AI,,,,FALSE
DomainName,gista.co,,Block,Informational,Unsanctioned: Ungoverned AI,Unsanctioned: Ungoverned AI,Unsanctioned: Ungoverned AI,,,,FALSE
DomainName,github.com/features/copilot,,Block,Informational,Unsanctioned: Ungoverned AI,Unsanctioned: Ungoverned AI,Unsanctioned: Ungoverned AI,,,,FALSE
DomainName,giti.ai,,Block,Informational,Unsanctioned: Ungoverned AI,Unsanctioned: Ungoverned AI,Unsanctioned: Ungoverned AI,,,,FALSE
DomainName,gizzmo.ai,,Block,Informational,Unsanctioned: Ungoverned AI,Unsanctioned: Ungoverned AI,Unsanctioned: Ungoverned AI,,,,FALSE
DomainName,glasp.co,,Block,Informational,Unsanctioned: Ungoverned AI,Unsanctioned: Ungoverned AI,Unsanctioned: Ungoverned AI,,,,FALSE
DomainName,gliglish.com,,Block,Informational,Unsanctioned: Ungoverned AI,Unsanctioned: Ungoverned AI,Unsanctioned: Ungoverned AI,,,,FALSE
DomainName,godinabox.co,,Block,Informational,Unsanctioned: Ungoverned AI,Unsanctioned: Ungoverned AI,Unsanctioned: Ungoverned AI,,,,FALSE
DomainName,gozen.io,,Block,Informational,Unsanctioned: Ungoverned AI,Unsanctioned: Ungoverned AI,Unsanctioned: Ungoverned AI,,,,FALSE
DomainName,gpt.h2o.ai,,Block,Informational,Unsanctioned: Ungoverned AI,Unsanctioned: Ungoverned AI,Unsanctioned: Ungoverned AI,,,,FALSE
DomainName,gpt3demo.com,,Block,Informational,Unsanctioned: Ungoverned AI,Unsanctioned: Ungoverned AI,Unsanctioned: Ungoverned AI,,,,FALSE
DomainName,gpt4all.io,,Block,Informational,Unsanctioned: Ungoverned AI,Unsanctioned: Ungoverned AI,Unsanctioned: Ungoverned AI,,,,FALSE
DomainName,gpt6.ai,,Block,Informational,Unsanctioned: Ungoverned AI,Unsanctioned: Ungoverned AI,Unsanctioned: Ungoverned AI,,,,FALSE
DomainName,gptassistant.app,,Block,Informational,Unsanctioned: Ungoverned AI,Unsanctioned: Ungoverned AI,Unsanctioned: Ungoverned AI,,,,FALSE
DomainName,gptfy.co,,Block,Informational,Unsanctioned: Ungoverned AI,Unsanctioned: Ungoverned AI,Unsanctioned: Ungoverned AI,,,,FALSE
DomainName,gptgame.app,,Block,Informational,Unsanctioned: Ungoverned AI,Unsanctioned: Ungoverned AI,Unsanctioned: Ungoverned AI,,,,FALSE
DomainName,gptgo.ai,,Block,Informational,Unsanctioned: Ungoverned AI,Unsanctioned: Ungoverned AI,Unsanctioned: Ungoverned AI,,,,FALSE
DomainName,gptkit.ai,,Block,Informational,Unsanctioned: Ungoverned AI,Unsanctioned: Ungoverned AI,Unsanctioned: Ungoverned AI,,,,FALSE
DomainName,gpt-persona.com,,Block,Informational,Unsanctioned: Ungoverned AI,Unsanctioned: Ungoverned AI,Unsanctioned: Ungoverned AI,,,,FALSE
DomainName,gpt-ppt.neftup.app,,Block,Informational,Unsanctioned: Ungoverned AI,Unsanctioned: Ungoverned AI,Unsanctioned: Ungoverned AI,,,,FALSE
DomainName,gptzero.me,,Block,Informational,Unsanctioned: Ungoverned AI,Unsanctioned: Ungoverned AI,Unsanctioned: Ungoverned AI,,,,FALSE
DomainName,grammarly.com,,Block,Informational,Unsanctioned: Ungoverned AI,Unsanctioned: Ungoverned AI,Unsanctioned: Ungoverned AI,,,,FALSE
DomainName,guidde.com,,Block,Informational,Unsanctioned: Ungoverned AI,Unsanctioned: Ungoverned AI,Unsanctioned: Ungoverned AI,,,,FALSE
DomainName,hal9.com,,Block,Informational,Unsanctioned: Ungoverned AI,Unsanctioned: Ungoverned AI,Unsanctioned: Ungoverned AI,,,,FALSE
DomainName,headlime.com,,Block,Informational,Unsanctioned: Ungoverned AI,Unsanctioned: Ungoverned AI,Unsanctioned: Ungoverned AI,,,,FALSE
DomainName,heimdallapp.org,,Block,Informational,Unsanctioned: Ungoverned AI,Unsanctioned: Ungoverned AI,Unsanctioned: Ungoverned AI,,,,FALSE
DomainName,heygen.com,,Block,Informational,Unsanctioned: Ungoverned AI,Unsanctioned: Ungoverned AI,Unsanctioned: Ungoverned AI,,,,FALSE
DomainName,heygpt.chat,,Block,Informational,Unsanctioned: Ungoverned AI,Unsanctioned: Ungoverned AI,Unsanctioned: Ungoverned AI,,,,FALSE
DomainName,hippocraticai.com,,Block,Informational,Unsanctioned: Ungoverned AI,Unsanctioned: Ungoverned AI,Unsanctioned: Ungoverned AI,,,,FALSE
DomainName,hitalk.ai,,Block,Informational,Unsanctioned: Ungoverned AI,Unsanctioned: Ungoverned AI,Unsanctioned: Ungoverned AI,,,,FALSE
DomainName,huggingface.co/spaces/tiiuae/falcon-180b-demo,,Block,Informational,Unsanctioned: Ungoverned AI,Unsanctioned: Ungoverned AI,Unsanctioned: Ungoverned AI,,,,FALSE
DomainName,humanpal.io,,Block,Informational,Unsanctioned: Ungoverned AI,Unsanctioned: Ungoverned AI,Unsanctioned: Ungoverned AI,,,,FALSE
DomainName,hypotenuse.ai,,Block,Informational,Unsanctioned: Ungoverned AI,Unsanctioned: Ungoverned AI,Unsanctioned: Ungoverned AI,,,,FALSE
DomainName,ichatwithgpt.com,,Block,Informational,Unsanctioned: Ungoverned AI,Unsanctioned: Ungoverned AI,Unsanctioned: Ungoverned AI,,,,FALSE
DomainName,ideasai.com,,Block,Informational,Unsanctioned: Ungoverned AI,Unsanctioned: Ungoverned AI,Unsanctioned: Ungoverned AI,,,,FALSE
DomainName,inkforall.com,,Block,Informational,Unsanctioned: Ungoverned AI,Unsanctioned: Ungoverned AI,Unsanctioned: Ungoverned AI,,,,FALSE
DomainName,inputai.com,,Block,Informational,Unsanctioned: Ungoverned AI,Unsanctioned: Ungoverned AI,Unsanctioned: Ungoverned AI,,,,FALSE
DomainName,instantanswers.xyz,,Block,Informational,Unsanctioned: Ungoverned AI,Unsanctioned: Ungoverned AI,Unsanctioned: Ungoverned AI,,,,FALSE
DomainName,instatext.io,,Block,Informational,Unsanctioned: Ungoverned AI,Unsanctioned: Ungoverned AI,Unsanctioned: Ungoverned AI,,,,FALSE
DomainName,iris.ai,,Block,Informational,Unsanctioned: Ungoverned AI,Unsanctioned: Ungoverned AI,Unsanctioned: Ungoverned AI,,,,FALSE
DomainName,ixcoach.com,,Block,Informational,Unsanctioned: Ungoverned AI,Unsanctioned: Ungoverned AI,Unsanctioned: Ungoverned AI,,,,FALSE
DomainName,jasper.ai,,Block,Informational,Unsanctioned: Ungoverned AI,Unsanctioned: Ungoverned AI,Unsanctioned: Ungoverned AI,,,,FALSE
DomainName,kafkai.com,,Block,Informational,Unsanctioned: Ungoverned AI,Unsanctioned: Ungoverned AI,Unsanctioned: Ungoverned AI,,,,FALSE
DomainName,kerlig.com,,Block,Informational,Unsanctioned: Ungoverned AI,Unsanctioned: Ungoverned AI,Unsanctioned: Ungoverned AI,,,,FALSE
DomainName,kibo.vercel.app,,Block,Informational,Unsanctioned: Ungoverned AI,Unsanctioned: Ungoverned AI,Unsanctioned: Ungoverned AI,,,,FALSE
DomainName,koala.sh,,Block,Informational,Unsanctioned: Ungoverned AI,Unsanctioned: Ungoverned AI,Unsanctioned: Ungoverned AI,,,,FALSE
DomainName,krater.ai,,Block,Informational,Unsanctioned: Ungoverned AI,Unsanctioned: Ungoverned AI,Unsanctioned: Ungoverned AI,,,,FALSE
DomainName,lamini.ai,,Block,Informational,Unsanctioned: Ungoverned AI,Unsanctioned: Ungoverned AI,Unsanctioned: Ungoverned AI,,,,FALSE
DomainName,landbot.io,,Block,Informational,Unsanctioned: Ungoverned AI,Unsanctioned: Ungoverned AI,Unsanctioned: Ungoverned AI,,,,FALSE
DomainName,langchain.com,,Block,Informational,Unsanctioned: Ungoverned AI,Unsanctioned: Ungoverned AI,Unsanctioned: Ungoverned AI,,,,FALSE
DomainName,laragpt.com,,Block,Informational,Unsanctioned: Ungoverned AI,Unsanctioned: Ungoverned AI,Unsanctioned: Ungoverned AI,,,,FALSE
DomainName,learn.xyz,,Block,Informational,Unsanctioned: Ungoverned AI,Unsanctioned: Ungoverned AI,Unsanctioned: Ungoverned AI,,,,FALSE
DomainName,learnitive.com,,Block,Informational,Unsanctioned: Ungoverned AI,Unsanctioned: Ungoverned AI,Unsanctioned: Ungoverned AI,,,,FALSE
DomainName,learnt.ai,,Block,Informational,Unsanctioned: Ungoverned AI,Unsanctioned: Ungoverned AI,Unsanctioned: Ungoverned AI,,,,FALSE
DomainName,letsenhance.io,,Block,Informational,Unsanctioned: Ungoverned AI,Unsanctioned: Ungoverned AI,Unsanctioned: Ungoverned AI,,,,FALSE
DomainName,lexalytics.com,,Block,Informational,Unsanctioned: Ungoverned AI,Unsanctioned: Ungoverned AI,Unsanctioned: Ungoverned AI,,,,FALSE
DomainName,linke.ai,,Block,Informational,Unsanctioned: Ungoverned AI,Unsanctioned: Ungoverned AI,Unsanctioned: Ungoverned AI,,,,FALSE
DomainName,luis.ai,,Block,Informational,Unsanctioned: Ungoverned AI,Unsanctioned: Ungoverned AI,Unsanctioned: Ungoverned AI,,,,FALSE
DomainName,lumen5.com,,Block,Informational,Unsanctioned: Ungoverned AI,Unsanctioned: Ungoverned AI,Unsanctioned: Ungoverned AI,,,,FALSE
DomainName,machinetranslation.com,,Block,Informational,Unsanctioned: Ungoverned AI,Unsanctioned: Ungoverned AI,Unsanctioned: Ungoverned AI,,,,FALSE
DomainName,magicstudio.com,,Block,Informational,Unsanctioned: Ungoverned AI,Unsanctioned: Ungoverned AI,Unsanctioned: Ungoverned AI,,,,FALSE
DomainName,magisto.com,,Block,Informational,Unsanctioned: Ungoverned AI,Unsanctioned: Ungoverned AI,Unsanctioned: Ungoverned AI,,,,FALSE
DomainName,mailshake.com/ai-email-writer,,Block,Informational,Unsanctioned: Ungoverned AI,Unsanctioned: Ungoverned AI,Unsanctioned: Ungoverned AI,,,,FALSE
DomainName,markcopy.ai,,Block,Informational,Unsanctioned: Ungoverned AI,Unsanctioned: Ungoverned AI,Unsanctioned: Ungoverned AI,,,,FALSE
DomainName,meetmaya.world,,Block,Informational,Unsanctioned: Ungoverned AI,Unsanctioned: Ungoverned AI,Unsanctioned: Ungoverned AI,,,,FALSE
DomainName,meetz.ai,,Block,Informational,Unsanctioned: Ungoverned AI,Unsanctioned: Ungoverned AI,Unsanctioned: Ungoverned AI,,,,FALSE
DomainName,memorylane.co,,Block,Informational,Unsanctioned: Ungoverned AI,Unsanctioned: Ungoverned AI,Unsanctioned: Ungoverned AI,,,,FALSE
DomainName,merlin.foyer.work,,Block,Informational,Unsanctioned: Ungoverned AI,Unsanctioned: Ungoverned AI,Unsanctioned: Ungoverned AI,,,,FALSE
DomainName,meta.ai,,Block,Informational,Unsanctioned: Ungoverned AI,Unsanctioned: Ungoverned AI,Unsanctioned: Ungoverned AI,,,,FALSE
DomainName,mieux.ai,,Block,Informational,Unsanctioned: Ungoverned AI,Unsanctioned: Ungoverned AI,Unsanctioned: Ungoverned AI,,,,FALSE
DomainName,mightygpt.com,,Block,Informational,Unsanctioned: Ungoverned AI,Unsanctioned: Ungoverned AI,Unsanctioned: Ungoverned AI,,,,FALSE
DomainName,mosaicml.com,,Block,Informational,Unsanctioned: Ungoverned AI,Unsanctioned: Ungoverned AI,Unsanctioned: Ungoverned AI,,,,FALSE
DomainName,murf.ai,,Block,Informational,Unsanctioned: Ungoverned AI,Unsanctioned: Ungoverned AI,Unsanctioned: Ungoverned AI,,,,FALSE
DomainName,myaiteam.com,,Block,Informational,Unsanctioned: Ungoverned AI,Unsanctioned: Ungoverned AI,Unsanctioned: Ungoverned AI,,,,FALSE
DomainName,mygptwizard.com,,Block,Informational,Unsanctioned: Ungoverned AI,Unsanctioned: Ungoverned AI,Unsanctioned: Ungoverned AI,,,,FALSE
DomainName,mykin.ai,,Block,Informational,Unsanctioned: Ungoverned AI,Unsanctioned: Ungoverned AI,Unsanctioned: Ungoverned AI,,,,FALSE
DomainName,narakeet.com,,Block,Informational,Unsanctioned: Ungoverned AI,Unsanctioned: Ungoverned AI,Unsanctioned: Ungoverned AI,,,,FALSE
DomainName,nat.dev,,Block,Informational,Unsanctioned: Ungoverned AI,Unsanctioned: Ungoverned AI,Unsanctioned: Ungoverned AI,,,,FALSE
DomainName,netus.ai,,Block,Informational,Unsanctioned: Ungoverned AI,Unsanctioned: Ungoverned AI,Unsanctioned: Ungoverned AI,,,,FALSE
DomainName,neural.love,,Block,Informational,Unsanctioned: Ungoverned AI,Unsanctioned: Ungoverned AI,Unsanctioned: Ungoverned AI,,,,FALSE
DomainName,neuraltext.com,,Block,Informational,Unsanctioned: Ungoverned AI,Unsanctioned: Ungoverned AI,Unsanctioned: Ungoverned AI,,,,FALSE
DomainName,newswriter.ai,,Block,Informational,Unsanctioned: Ungoverned AI,Unsanctioned: Ungoverned AI,Unsanctioned: Ungoverned AI,,,,FALSE
DomainName,nextbrain.ai,,Block,Informational,Unsanctioned: Ungoverned AI,Unsanctioned: Ungoverned AI,Unsanctioned: Ungoverned AI,,,,FALSE
DomainName,noluai.com,,Block,Informational,Unsanctioned: Ungoverned AI,Unsanctioned: Ungoverned AI,Unsanctioned: Ungoverned AI,,,,FALSE
DomainName,notion.so,,Block,Informational,Unsanctioned: Ungoverned AI,Unsanctioned: Ungoverned AI,Unsanctioned: Ungoverned AI,,,,FALSE
DomainName,novelai.net,,Block,Informational,Unsanctioned: Ungoverned AI,Unsanctioned: Ungoverned AI,Unsanctioned: Ungoverned AI,,,,FALSE
DomainName,numind.ai,,Block,Informational,Unsanctioned: Ungoverned AI,Unsanctioned: Ungoverned AI,Unsanctioned: Ungoverned AI,,,,FALSE
DomainName,ocoya.com,,Block,Informational,Unsanctioned: Ungoverned AI,Unsanctioned: Ungoverned AI,Unsanctioned: Ungoverned AI,,,,FALSE
DomainName,octocom.ai,,Block,Informational,Unsanctioned: Ungoverned AI,Unsanctioned: Ungoverned AI,Unsanctioned: Ungoverned AI,,,,FALSE
DomainName,ollama.ai,,Block,Informational,Unsanctioned: Ungoverned AI,Unsanctioned: Ungoverned AI,Unsanctioned: Ungoverned AI,,,,FALSE
DomainName,olympia.chat,,Block,Informational,Unsanctioned: Ungoverned AI,Unsanctioned: Ungoverned AI,Unsanctioned: Ungoverned AI,,,,FALSE
DomainName,openai.com,,Block,Informational,Unsanctioned: Ungoverned AI,Unsanctioned: Ungoverned AI,Unsanctioned: Ungoverned AI,,,,FALSE
DomainName,ora.ai,,Block,Informational,Unsanctioned: Ungoverned AI,Unsanctioned: Ungoverned AI,Unsanctioned: Ungoverned AI,,,,FALSE
DomainName,outwrite.com,,Block,Informational,Unsanctioned: Ungoverned AI,Unsanctioned: Ungoverned AI,Unsanctioned: Ungoverned AI,,,,FALSE
DomainName,pagelines.com,,Block,Informational,Unsanctioned: Ungoverned AI,Unsanctioned: Ungoverned AI,Unsanctioned: Ungoverned AI,,,,FALSE
DomainName,parallelgpt.ai,,Block,Informational,Unsanctioned: Ungoverned AI,Unsanctioned: Ungoverned AI,Unsanctioned: Ungoverned AI,,,,FALSE
DomainName,peoplealsoask.ai,,Block,Informational,Unsanctioned: Ungoverned AI,Unsanctioned: Ungoverned AI,Unsanctioned: Ungoverned AI,,,,FALSE
DomainName,peppercontent.io,,Block,Informational,Unsanctioned: Ungoverned AI,Unsanctioned: Ungoverned AI,Unsanctioned: Ungoverned AI,,,,FALSE
DomainName,perplexity.ai,,Block,Informational,Unsanctioned: Ungoverned AI,Unsanctioned: Ungoverned AI,Unsanctioned: Ungoverned AI,,,,FALSE
DomainName,personal.ai,,Block,Informational,Unsanctioned: Ungoverned AI,Unsanctioned: Ungoverned AI,Unsanctioned: Ungoverned AI,,,,FALSE
DomainName,phind.com,,Block,Informational,Unsanctioned: Ungoverned AI,Unsanctioned: Ungoverned AI,Unsanctioned: Ungoverned AI,,,,FALSE
DomainName,phrasee.co,,Block,Informational,Unsanctioned: Ungoverned AI,Unsanctioned: Ungoverned AI,Unsanctioned: Ungoverned AI,,,,FALSE
DomainName,pineapplebuilder.com,,Block,Informational,Unsanctioned: Ungoverned AI,Unsanctioned: Ungoverned AI,Unsanctioned: Ungoverned AI,,,,FALSE
DomainName,play.ht,,Block,Informational,Unsanctioned: Ungoverned AI,Unsanctioned: Ungoverned AI,Unsanctioned: Ungoverned AI,,,,FALSE
DomainName,poe.com,,Block,Informational,Unsanctioned: Ungoverned AI,Unsanctioned: Ungoverned AI,Unsanctioned: Ungoverned AI,,,,FALSE
DomainName,predis.ai,,Block,Informational,Unsanctioned: Ungoverned AI,Unsanctioned: Ungoverned AI,Unsanctioned: Ungoverned AI,,,,FALSE
DomainName,premai.io,,Block,Informational,Unsanctioned: Ungoverned AI,Unsanctioned: Ungoverned AI,Unsanctioned: Ungoverned AI,,,,FALSE
DomainName,preppally.com,,Block,Informational,Unsanctioned: Ungoverned AI,Unsanctioned: Ungoverned AI,Unsanctioned: Ungoverned AI,,,,FALSE
DomainName,presentationgpt.com,,Block,Informational,Unsanctioned: Ungoverned AI,Unsanctioned: Ungoverned AI,Unsanctioned: Ungoverned AI,,,,FALSE
DomainName,privatellm.app,,Block,Informational,Unsanctioned: Ungoverned AI,Unsanctioned: Ungoverned AI,Unsanctioned: Ungoverned AI,,,,FALSE
DomainName,proai.co,,Block,Informational,Unsanctioned: Ungoverned AI,Unsanctioned: Ungoverned AI,Unsanctioned: Ungoverned AI,,,,FALSE
DomainName,projectdecember.net,,Block,Informational,Unsanctioned: Ungoverned AI,Unsanctioned: Ungoverned AI,Unsanctioned: Ungoverned AI,,,,FALSE
DomainName,promptclub.ai,,Block,Informational,Unsanctioned: Ungoverned AI,Unsanctioned: Ungoverned AI,Unsanctioned: Ungoverned AI,,,,FALSE
DomainName,promptfolder.com,,Block,Informational,Unsanctioned: Ungoverned AI,Unsanctioned: Ungoverned AI,Unsanctioned: Ungoverned AI,,,,FALSE
DomainName,promptitude.io,,Block,Informational,Unsanctioned: Ungoverned AI,Unsanctioned: Ungoverned AI,Unsanctioned: Ungoverned AI,,,,FALSE
DomainName,qopywriter.ai,,Block,Informational,Unsanctioned: Ungoverned AI,Unsanctioned: Ungoverned AI,Unsanctioned: Ungoverned AI,,,,FALSE
DomainName,quickchat.ai/emerson,,Block,Informational,Unsanctioned: Ungoverned AI,Unsanctioned: Ungoverned AI,Unsanctioned: Ungoverned AI,,,,FALSE
DomainName,quillbot.com,,Block,Informational,Unsanctioned: Ungoverned AI,Unsanctioned: Ungoverned AI,Unsanctioned: Ungoverned AI,,,,FALSE
DomainName,rawshorts.com,,Block,Informational,Unsanctioned: Ungoverned AI,Unsanctioned: Ungoverned AI,Unsanctioned: Ungoverned AI,,,,FALSE
DomainName,read.ai,,Block,Informational,Unsanctioned: Ungoverned AI,Unsanctioned: Ungoverned AI,Unsanctioned: Ungoverned AI,,,,FALSE
DomainName,rebecc.ai,,Block,Informational,Unsanctioned: Ungoverned AI,Unsanctioned: Ungoverned AI,Unsanctioned: Ungoverned AI,,,,FALSE
DomainName,refraction.dev,,Block,Informational,Unsanctioned: Ungoverned AI,Unsanctioned: Ungoverned AI,Unsanctioned: Ungoverned AI,,,,FALSE
DomainName,regem.in/ai-writer,,Block,Informational,Unsanctioned: Ungoverned AI,Unsanctioned: Ungoverned AI,Unsanctioned: Ungoverned AI,,,,FALSE
DomainName,regie.ai,,Block,Informational,Unsanctioned: Ungoverned AI,Unsanctioned: Ungoverned AI,Unsanctioned: Ungoverned AI,,,,FALSE
DomainName,regisai.com,,Block,Informational,Unsanctioned: Ungoverned AI,Unsanctioned: Ungoverned AI,Unsanctioned: Ungoverned AI,,,,FALSE
DomainName,relevanceai.com,,Block,Informational,Unsanctioned: Ungoverned AI,Unsanctioned: Ungoverned AI,Unsanctioned: Ungoverned AI,,,,FALSE
DomainName,rencoach.com,,Block,Informational,Unsanctioned: Ungoverned AI,Unsanctioned: Ungoverned AI,Unsanctioned: Ungoverned AI,,,,FALSE
DomainName,replika.com,,Block,Informational,Unsanctioned: Ungoverned AI,Unsanctioned: Ungoverned AI,Unsanctioned: Ungoverned AI,,,,FALSE
DomainName,replit.com,,Block,Informational,Unsanctioned: Ungoverned AI,Unsanctioned: Ungoverned AI,Unsanctioned: Ungoverned AI,,,,FALSE
DomainName,resemble.ai,,Block,Informational,Unsanctioned: Ungoverned AI,Unsanctioned: Ungoverned AI,Unsanctioned: Ungoverned AI,,,,FALSE
DomainName,riku.ai,,Block,Informational,Unsanctioned: Ungoverned AI,Unsanctioned: Ungoverned AI,Unsanctioned: Ungoverned AI,,,,FALSE
DomainName,rizzai.com,,Block,Informational,Unsanctioned: Ungoverned AI,Unsanctioned: Ungoverned AI,Unsanctioned: Ungoverned AI,,,,FALSE
DomainName,roamaround.app,,Block,Informational,Unsanctioned: Ungoverned AI,Unsanctioned: Ungoverned AI,Unsanctioned: Ungoverned AI,,,,FALSE
DomainName,rovioai.com,,Block,Informational,Unsanctioned: Ungoverned AI,Unsanctioned: Ungoverned AI,Unsanctioned: Ungoverned AI,,,,FALSE
DomainName,rytr.me,,Block,Informational,Unsanctioned: Ungoverned AI,Unsanctioned: Ungoverned AI,Unsanctioned: Ungoverned AI,,,,FALSE
DomainName,saga.so,,Block,Informational,Unsanctioned: Ungoverned AI,Unsanctioned: Ungoverned AI,Unsanctioned: Ungoverned AI,,,,FALSE
DomainName,sapling.ai,,Block,Informational,Unsanctioned: Ungoverned AI,Unsanctioned: Ungoverned AI,Unsanctioned: Ungoverned AI,,,,FALSE
DomainName,scribbyo.com,,Block,Informational,Unsanctioned: Ungoverned AI,Unsanctioned: Ungoverned AI,Unsanctioned: Ungoverned AI,,,,FALSE
DomainName,seowriting.ai,,Block,Informational,Unsanctioned: Ungoverned AI,Unsanctioned: Ungoverned AI,Unsanctioned: Ungoverned AI,,,,FALSE
DomainName,shakespearetoolbar.com,,Block,Informational,Unsanctioned: Ungoverned AI,Unsanctioned: Ungoverned AI,Unsanctioned: Ungoverned AI,,,,FALSE
DomainName,shortlistiq.com,,Block,Informational,Unsanctioned: Ungoverned AI,Unsanctioned: Ungoverned AI,Unsanctioned: Ungoverned AI,,,,FALSE
DomainName,shortlyai.com,,Block,Informational,Unsanctioned: Ungoverned AI,Unsanctioned: Ungoverned AI,Unsanctioned: Ungoverned AI,,,,FALSE
DomainName,simpleshow.com,,Block,Informational,Unsanctioned: Ungoverned AI,Unsanctioned: Ungoverned AI,Unsanctioned: Ungoverned AI,,,,FALSE
DomainName,sitegpt.ai,,Block,Informational,Unsanctioned: Ungoverned AI,Unsanctioned: Ungoverned AI,Unsanctioned: Ungoverned AI,,,,FALSE
DomainName,smartlifeskills.ai,,Block,Informational,Unsanctioned: Ungoverned AI,Unsanctioned: Ungoverned AI,Unsanctioned: Ungoverned AI,,,,FALSE
DomainName,smartwriter.ai,,Block,Informational,Unsanctioned: Ungoverned AI,Unsanctioned: Ungoverned AI,Unsanctioned: Ungoverned AI,,,,FALSE
DomainName,soofy.io,,Block,Informational,Unsanctioned: Ungoverned AI,Unsanctioned: Ungoverned AI,Unsanctioned: Ungoverned AI,,,,FALSE
DomainName,soundful.com,,Block,Informational,Unsanctioned: Ungoverned AI,Unsanctioned: Ungoverned AI,Unsanctioned: Ungoverned AI,,,,FALSE
DomainName,speechify.com,,Block,Informational,Unsanctioned: Ungoverned AI,Unsanctioned: Ungoverned AI,Unsanctioned: Ungoverned AI,,,,FALSE
DomainName,splice.com,,Block,Informational,Unsanctioned: Ungoverned AI,Unsanctioned: Ungoverned AI,Unsanctioned: Ungoverned AI,,,,FALSE
DomainName,stableaudio.com,,Block,Informational,Unsanctioned: Ungoverned AI,Unsanctioned: Ungoverned AI,Unsanctioned: Ungoverned AI,,,,FALSE
DomainName,starryai.com,,Block,Informational,Unsanctioned: Ungoverned AI,Unsanctioned: Ungoverned AI,Unsanctioned: Ungoverned AI,,,,FALSE
DomainName,stealthgpt.ai,,Block,Informational,Unsanctioned: Ungoverned AI,Unsanctioned: Ungoverned AI,Unsanctioned: Ungoverned AI,,,,FALSE
DomainName,steve.ai,,Block,Informational,Unsanctioned: Ungoverned AI,Unsanctioned: Ungoverned AI,Unsanctioned: Ungoverned AI,,,,FALSE
DomainName,stork.ai,,Block,Informational,Unsanctioned: Ungoverned AI,Unsanctioned: Ungoverned AI,Unsanctioned: Ungoverned AI,,,,FALSE
DomainName,storyd.ai,,Block,Informational,Unsanctioned: Ungoverned AI,Unsanctioned: Ungoverned AI,Unsanctioned: Ungoverned AI,,,,FALSE
DomainName,storyscapeai.app,,Block,Informational,Unsanctioned: Ungoverned AI,Unsanctioned: Ungoverned AI,Unsanctioned: Ungoverned AI,,,,FALSE
DomainName,storytailor.ai,,Block,Informational,Unsanctioned: Ungoverned AI,Unsanctioned: Ungoverned AI,Unsanctioned: Ungoverned AI,,,,FALSE
DomainName,streamlit.io/generative-ai,,Block,Informational,Unsanctioned: Ungoverned AI,Unsanctioned: Ungoverned AI,Unsanctioned: Ungoverned AI,,,,FALSE
DomainName,studio.tune.app,,Block,Informational,Unsanctioned: Ungoverned AI,Unsanctioned: Ungoverned AI,Unsanctioned: Ungoverned AI,,,,FALSE
DomainName,synesthesia.io,,Block,Informational,Unsanctioned: Ungoverned AI,Unsanctioned: Ungoverned AI,Unsanctioned: Ungoverned AI,,,,FALSE
DomainName,tabnine.com,,Block,Informational,Unsanctioned: Ungoverned AI,Unsanctioned: Ungoverned AI,Unsanctioned: Ungoverned AI,,,,FALSE
DomainName,talkai.info,,Block,Informational,Unsanctioned: Ungoverned AI,Unsanctioned: Ungoverned AI,Unsanctioned: Ungoverned AI,,,,FALSE
DomainName,talkpal.ai,,Block,Informational,Unsanctioned: Ungoverned AI,Unsanctioned: Ungoverned AI,Unsanctioned: Ungoverned AI,,,,FALSE
DomainName,talktowalle.com,,Block,Informational,Unsanctioned: Ungoverned AI,Unsanctioned: Ungoverned AI,Unsanctioned: Ungoverned AI,,,,FALSE
DomainName,team-gpt.com,,Block,Informational,Unsanctioned: Ungoverned AI,Unsanctioned: Ungoverned AI,Unsanctioned: Ungoverned AI,,,,FALSE
DomainName,tethered.dev,,Block,Informational,Unsanctioned: Ungoverned AI,Unsanctioned: Ungoverned AI,Unsanctioned: Ungoverned AI,,,,FALSE
DomainName,texta.ai,,Block,Informational,Unsanctioned: Ungoverned AI,Unsanctioned: Ungoverned AI,Unsanctioned: Ungoverned AI,,,,FALSE
DomainName,textcortex.com,,Block,Informational,Unsanctioned: Ungoverned AI,Unsanctioned: Ungoverned AI,Unsanctioned: Ungoverned AI,,,,FALSE
DomainName,textsynth.com,,Block,Informational,Unsanctioned: Ungoverned AI,Unsanctioned: Ungoverned AI,Unsanctioned: Ungoverned AI,,,,FALSE
DomainName,thirdai.com/pocketllm,,Block,Informational,Unsanctioned: Ungoverned AI,Unsanctioned: Ungoverned AI,Unsanctioned: Ungoverned AI,,,,FALSE
DomainName,threadcreator.com,,Block,Informational,Unsanctioned: Ungoverned AI,Unsanctioned: Ungoverned AI,Unsanctioned: Ungoverned AI,,,,FALSE
DomainName,thunderbit.com,,Block,Informational,Unsanctioned: Ungoverned AI,Unsanctioned: Ungoverned AI,Unsanctioned: Ungoverned AI,,,,FALSE
DomainName,thundercontent.com,,Block,Informational,Unsanctioned: Ungoverned AI,Unsanctioned: Ungoverned AI,Unsanctioned: Ungoverned AI,,,,FALSE
DomainName,tldrthis.com,,Block,Informational,Unsanctioned: Ungoverned AI,Unsanctioned: Ungoverned AI,Unsanctioned: Ungoverned AI,,,,FALSE
DomainName,tome.app,,Block,Informational,Unsanctioned: Ungoverned AI,Unsanctioned: Ungoverned AI,Unsanctioned: Ungoverned AI,,,,FALSE
DomainName,toolsaday.com,,Block,Informational,Unsanctioned: Ungoverned AI,Unsanctioned: Ungoverned AI,Unsanctioned: Ungoverned AI,,,,FALSE
DomainName,to-teach.ai,,Block,Informational,Unsanctioned: Ungoverned AI,Unsanctioned: Ungoverned AI,Unsanctioned: Ungoverned AI,,,,FALSE
DomainName,tryblend.ai,,Block,Informational,Unsanctioned: Ungoverned AI,Unsanctioned: Ungoverned AI,Unsanctioned: Ungoverned AI,,,,FALSE
DomainName,turbular.com,,Block,Informational,Unsanctioned: Ungoverned AI,Unsanctioned: Ungoverned AI,Unsanctioned: Ungoverned AI,,,,FALSE
DomainName,tutorai.me,,Block,Informational,Unsanctioned: Ungoverned AI,Unsanctioned: Ungoverned AI,Unsanctioned: Ungoverned AI,,,,FALSE
DomainName,tweetyai.com,,Block,Informational,Unsanctioned: Ungoverned AI,Unsanctioned: Ungoverned AI,Unsanctioned: Ungoverned AI,,,,FALSE
DomainName,twoslash.ai,,Block,Informational,Unsanctioned: Ungoverned AI,Unsanctioned: Ungoverned AI,Unsanctioned: Ungoverned AI,,,,FALSE
DomainName,typeright.com,,Block,Informational,Unsanctioned: Ungoverned AI,Unsanctioned: Ungoverned AI,Unsanctioned: Ungoverned AI,,,,FALSE
DomainName,typli.ai,,Block,Informational,Unsanctioned: Ungoverned AI,Unsanctioned: Ungoverned AI,Unsanctioned: Ungoverned AI,,,,FALSE
DomainName,uminal.com,,Block,Informational,Unsanctioned: Ungoverned AI,Unsanctioned: Ungoverned AI,Unsanctioned: Ungoverned AI,,,,FALSE
DomainName,unbounce.com/product/smart-copy,,Block,Informational,Unsanctioned: Ungoverned AI,Unsanctioned: Ungoverned AI,Unsanctioned: Ungoverned AI,,,,FALSE
DomainName,uniglobalcareers.com,,Block,Informational,Unsanctioned: Ungoverned AI,Unsanctioned: Ungoverned AI,Unsanctioned: Ungoverned AI,,,,FALSE
DomainName,usechat.ai,,Block,Informational,Unsanctioned: Ungoverned AI,Unsanctioned: Ungoverned AI,Unsanctioned: Ungoverned AI,,,,FALSE
DomainName,usemano.com,,Block,Informational,Unsanctioned: Ungoverned AI,Unsanctioned: Ungoverned AI,Unsanctioned: Ungoverned AI,,,,FALSE
DomainName,vectorize.io,,Block,Informational,Unsanctioned: Ungoverned AI,Unsanctioned: Ungoverned AI,Unsanctioned: Ungoverned AI,,,,FALSE
DomainName,videomuse.app,,Block,Informational,Unsanctioned: Ungoverned AI,Unsanctioned: Ungoverned AI,Unsanctioned: Ungoverned AI,,,,FALSE
DomainName,vidext.app,,Block,Informational,Unsanctioned: Ungoverned AI,Unsanctioned: Ungoverned AI,Unsanctioned: Ungoverned AI,,,,FALSE
DomainName,virtualghostwriter.com,,Block,Informational,Unsanctioned: Ungoverned AI,Unsanctioned: Ungoverned AI,Unsanctioned: Ungoverned AI,,,,FALSE
DomainName,vizly.fyi,,Block,Informational,Unsanctioned: Ungoverned AI,Unsanctioned: Ungoverned AI,Unsanctioned: Ungoverned AI,,,,FALSE
DomainName,voicemod.net,,Block,Informational,Unsanctioned: Ungoverned AI,Unsanctioned: Ungoverned AI,Unsanctioned: Ungoverned AI,,,,FALSE
DomainName,warmer.ai,,Block,Informational,Unsanctioned: Ungoverned AI,Unsanctioned: Ungoverned AI,Unsanctioned: Ungoverned AI,,,,FALSE
DomainName,watermelon.ai,,Block,Informational,Unsanctioned: Ungoverned AI,Unsanctioned: Ungoverned AI,Unsanctioned: Ungoverned AI,,,,FALSE
DomainName,webllm.mlc.ai,,Block,Informational,Unsanctioned: Ungoverned AI,Unsanctioned: Ungoverned AI,Unsanctioned: Ungoverned AI,,,,FALSE
DomainName,webtastic.ai,,Block,Informational,Unsanctioned: Ungoverned AI,Unsanctioned: Ungoverned AI,Unsanctioned: Ungoverned AI,,,,FALSE
DomainName,wellsaidlabs.com,,Block,Informational,Unsanctioned: Ungoverned AI,Unsanctioned: Ungoverned AI,Unsanctioned: Ungoverned AI,,,,FALSE
DomainName,wepik.com,,Block,Informational,Unsanctioned: Ungoverned AI,Unsanctioned: Ungoverned AI,Unsanctioned: Ungoverned AI,,,,FALSE
DomainName,we-spots.com,,Block,Informational,Unsanctioned: Ungoverned AI,Unsanctioned: Ungoverned AI,Unsanctioned: Ungoverned AI,,,,FALSE
DomainName,wordplay.ai,,Block,Informational,Unsanctioned: Ungoverned AI,Unsanctioned: Ungoverned AI,Unsanctioned: Ungoverned AI,,,,FALSE
DomainName,wordtune.com,,Block,Informational,Unsanctioned: Ungoverned AI,Unsanctioned: Ungoverned AI,Unsanctioned: Ungoverned AI,,,,FALSE
DomainName,workflos.ai,,Block,Informational,Unsanctioned: Ungoverned AI,Unsanctioned: Ungoverned AI,Unsanctioned: Ungoverned AI,,,,FALSE
DomainName,woxo.tech,,Block,Informational,Unsanctioned: Ungoverned AI,Unsanctioned: Ungoverned AI,Unsanctioned: Ungoverned AI,,,,FALSE
DomainName,wpaibot.com,,Block,Informational,Unsanctioned: Ungoverned AI,Unsanctioned: Ungoverned AI,Unsanctioned: Ungoverned AI,,,,FALSE
DomainName,writecream.com,,Block,Informational,Unsanctioned: Ungoverned AI,Unsanctioned: Ungoverned AI,Unsanctioned: Ungoverned AI,,,,FALSE
DomainName,writefull.com,,Block,Informational,Unsanctioned: Ungoverned AI,Unsanctioned: Ungoverned AI,Unsanctioned: Ungoverned AI,,,,FALSE
DomainName,writegpt.ai,,Block,Informational,Unsanctioned: Ungoverned AI,Unsanctioned: Ungoverned AI,Unsanctioned: Ungoverned AI,,,,FALSE
DomainName,writeholo.com,,Block,Informational,Unsanctioned: Ungoverned AI,Unsanctioned: Ungoverned AI,Unsanctioned: Ungoverned AI,,,,FALSE
DomainName,writeme.ai,,Block,Informational,Unsanctioned: Ungoverned AI,Unsanctioned: Ungoverned AI,Unsanctioned: Ungoverned AI,,,,FALSE
DomainName,writer.com,,Block,Informational,Unsanctioned: Ungoverned AI,Unsanctioned: Ungoverned AI,Unsanctioned: Ungoverned AI,,,,FALSE
DomainName,writersbrew.app,,Block,Informational,Unsanctioned: Ungoverned AI,Unsanctioned: Ungoverned AI,Unsanctioned: Ungoverned AI,,,,FALSE
DomainName,writerx.co,,Block,Informational,Unsanctioned: Ungoverned AI,Unsanctioned: Ungoverned AI,Unsanctioned: Ungoverned AI,,,,FALSE
DomainName,writesonic.com,,Block,Informational,Unsanctioned: Ungoverned AI,Unsanctioned: Ungoverned AI,Unsanctioned: Ungoverned AI,,,,FALSE
DomainName,writesparkle.ai,,Block,Informational,Unsanctioned: Ungoverned AI,Unsanctioned: Ungoverned AI,Unsanctioned: Ungoverned AI,,,,FALSE
DomainName,writier.io,,Block,Informational,Unsanctioned: Ungoverned AI,Unsanctioned: Ungoverned AI,Unsanctioned: Ungoverned AI,,,,FALSE
DomainName,yarnit.app,,Block,Informational,Unsanctioned: Ungoverned AI,Unsanctioned: Ungoverned AI,Unsanctioned: Ungoverned AI,,,,FALSE
DomainName,zevbot.com,,Block,Informational,Unsanctioned: Ungoverned AI,Unsanctioned: Ungoverned AI,Unsanctioned: Ungoverned AI,,,,FALSE
DomainName,zomani.ai,,Block,Informational,Unsanctioned: Ungoverned AI,Unsanctioned: Ungoverned AI,Unsanctioned: Ungoverned AI,,,,FALSE
DomainName,grammarly.io,,Block,Informational,Unsanctioned: Ungoverned AI,Unsanctioned: Ungoverned AI,Unsanctioned,,,,FALSE
DomainName,grammarly.net,,Block,Informational,Unsanctioned: Ungoverned AI,Unsanctioned: Ungoverned AI,Unsanctioned,,,,FALSE
DomainName,webchatgpt.app,,Block,Informational,Unsanctioned: Ungoverned AI,Unsanctioned: Ungoverned AI,Unsanctioned,,,,FALSE
DomainName,chatgptwriter.ai,,Block,Informational,Unsanctioned: Ungoverned AI,Unsanctioned: Ungoverned AI,Unsanctioned,,,,FALSE
DomainName,thegigabrain.com,,Block,Informational,Unsanctioned: Ungoverned AI,Unsanctioned: Ungoverned AI,Unsanctioned,,,,FALSE
DomainName,sider.ai,,Block,Informational,Unsanctioned: Ungoverned AI,Unsanctioned: Ungoverned AI,Unsanctioned,,,,FALSE
DomainName,naturalreaders.com,,Block,Informational,Unsanctioned: Ungoverned AI,Unsanctioned: Ungoverned AI,Unsanctioned,,,,FALSE
DomainName,prowritingaid.com,,Block,Informational,Unsanctioned: Ungoverned AI,Unsanctioned: Ungoverned AI,Unsanctioned,,,,FALSE
DomainName,promptstorm.app,,Block,Informational,Unsanctioned: Ungoverned AI,Unsanctioned: Ungoverned AI,Unsanctioned,,,,FALSE
DomainName,magictool.ai,,Block,Informational,Unsanctioned: Ungoverned AI,Unsanctioned: Ungoverned AI,Unsanctioned,,,,FALSE
DomainName,monica.im,,Block,Informational,Unsanctioned: Ungoverned AI,Unsanctioned: Ungoverned AI,Unsanctioned,,,,FALSE
DomainName,otter.ai,,Block,Informational,Unsanctioned: Ungoverned AI,Unsanctioned: Ungoverned AI,Unsanctioned,,,,FALSE
DomainName,readspeaker.com,,Block,Informational,Unsanctioned: Ungoverned AI,Unsanctioned: Ungoverned AI,Unsanctioned,,,,FALSE
DomainName,neospeech.com,,Block,Informational,Unsanctioned: Ungoverned AI,Unsanctioned: Ungoverned AI,Unsanctioned,,,,FALSE
DomainName,iblai.app,,Block,Informational,Unsanctioned: Ungoverned AI,Unsanctioned: Ungoverned AI,Unsanctioned,,,,FALSE
DomainName,studyx.ai,,Block,Informational,Unsanctioned: Ungoverned AI,Unsanctioned: Ungoverned AI,Unsanctioned,,,,FALSE
DomainName,landbot.online,,Block,Informational,Unsanctioned: Ungoverned AI,Unsanctioned: Ungoverned AI,Unsanctioned,,,,FALSE
DomainName,h2o.ai,,Block,Informational,Unsanctioned: Ungoverned AI,Unsanctioned: Ungoverned AI,Unsanctioned,,,,FALSE
DomainName,linguix.com,,Block,Informational,Unsanctioned: Ungoverned AI,Unsanctioned: Ungoverned AI,Unsanctioned,,,,FALSE
DomainName,linangdata.com,,Block,Informational,Unsanctioned: Ungoverned AI,Unsanctioned: Ungoverned AI,Unsanctioned,,,,FALSE
DomainName,moonshot.cn,,Block,Informational,Unsanctioned: Ungoverned AI,Unsanctioned: Ungoverned AI,Unsanctioned,,,,FALSE
DomainName,languagetool.org,,Block,Informational,Unsanctioned: Ungoverned AI,Unsanctioned: Ungoverned AI,Unsanctioned,,,,FALSE
DomainName,krisp.ai,,Block,Informational,Unsanctioned: Ungoverned AI,Unsanctioned: Ungoverned AI,Unsanctioned,,,,FALSE
DomainName,aipptmaker.ai,,Block,Informational,Unsanctioned: Ungoverned AI,Unsanctioned: Ungoverned AI,Unsanctioned,,,,FALSE
DomainName,11x.ai,,Block,Informational,Unsanctioned: Ungoverned AI,Unsanctioned: Ungoverned AI,Unsanctioned,,,,FALSE
DomainName,docsbot.ai,,Block,Informational,Unsanctioned: Ungoverned AI,Unsanctioned: Ungoverned AI,Unsanctioned,,,,FALSE
DomainName,notta.ai,,Block,Informational,Unsanctioned: Ungoverned AI,Unsanctioned: Ungoverned AI,Unsanctioned,,,,FALSE
DomainName,grok.com,,Block,Informational,Unsanctioned: Ungoverned AI,Unsanctioned: Ungoverned AI,Unsanctioned,,,,FALSE
DomainName,aiprm.com,,Block,Informational,Unsanctioned: Ungoverned AI,Unsanctioned: Ungoverned AI,Unsanctioned,,,,FALSE
DomainName,chat.mistral.ai,,Block,Informational,Unsanctioned: Ungoverned AI,Unsanctioned: Ungoverned AI,Unsanctioned,,,,FALSE
DomainName,chat.com,,Block,Informational,Unsanctioned: Ungoverned AI,Unsanctioned: Ungoverned AI - Chatgpt Redirect,Unsanctioned,,,,FALSE
DomainName,chat.openai.com,,Block,Informational,Unsanctioned: Ungoverned AI,Unsanctioned: Ungoverned AI,Unsanctioned,,,,FALSE
DomainName,chatgpt.es,,Block,Informational,Unsanctioned: Ungoverned AI,Unsanctioned: Ungoverned AI,Unsanctioned,,,,FALSE
DomainName,chatgptchat.net,,Block,Informational,Unsanctioned: Ungoverned AI,Unsanctioned: Ungoverned AI,Unsanctioned,,,,FALSE
DomainName,chatgptsidebar.pro,,Block,Informational,Unsanctioned: Ungoverned AI,Unsanctioned: Ungoverned AI,Unsanctioned,,,,FALSE
DomainName,chatonai.org,,Block,Informational,Unsanctioned: Ungoverned AI,Unsanctioned: Ungoverned AI,Unsanctioned,,,,FALSE
DomainName,chatgpt.org,,Block,Informational,Unsanctioned: Ungoverned AI,Unsanctioned: Ungoverned AI,Unsanctioned,,,,FALSE
DomainName,chatgptx.com,,Block,Informational,Unsanctioned: Ungoverned AI,Unsanctioned: Ungoverned AI,Unsanctioned,,,,FALSE
DomainName,chatgptoutlookaddin.com,,Block,Informational,Unsanctioned: Ungoverned AI,Unsanctioned: Ungoverned AI,Unsanctioned,,,,FALSE
DomainName,exa.ai,,Block,Informational,Unsanctioned: Ungoverned AI,Unsanctioned: Ungoverned AI,Unsanctioned,,,,FALSE
DomainName,getmerlin.in,,Block,Informational,Unsanctioned: Ungoverned AI,Unsanctioned: Ungoverned AI,Unsanctioned,,,,FALSE
DomainName,notdiamond.ai,,Block,Informational,Unsanctioned: Ungoverned AI,Unsanctioned: Ungoverned AI,Unsanctioned,,,,FALSE
DomainName,harpa.ai,,Block,Informational,Unsanctioned: Ungoverned AI,Unsanctioned: Ungoverned AI,Unsanctioned,,,,FALSE
DomainName,pinokio.computer,,Block,Informational,Unsanctioned: Ungoverned AI,Unsanctioned: Ungoverned AI,Unsanctioned,,,,FALSE
DomainName,gingersoftware.com,,Block,Informational,Unsanctioned: Ungoverned AI,Unsanctioned: Ungoverned AI,Unsanctioned,,,,FALSE
DomainName,localio.io,,Block,Informational,Unsanctioned: Ungoverned AI,Unsanctioned: Ungoverned AI,Unsanctioned,,,,FALSE
DomainName,decktopus.com,,Block,Informational,Unsanctioned: Ungoverned AI,Unsanctioned: Ungoverned AI,Unsanctioned,,,,FALSE
DomainName,otio.ai,,Block,Informational,Unsanctioned: Ungoverned AI,Unsanctioned: Ungoverned AI,Unsanctioned,,,,FALSE
DomainName,wordai.com,,Block,Informational,Unsanctioned: Ungoverned AI,Unsanctioned: Ungoverned AI,Unsanctioned,,,,FALSE
DomainName,articly.ai,,Block,Informational,Unsanctioned: Ungoverned AI,Unsanctioned: Ungoverned AI,Unsanctioned,,,,FALSE
DomainName,gptforwork.com,,Block,Informational,Unsanctioned: Ungoverned AI,Unsanctioned: Ungoverned AI,Unsanctioned,,,,FALSE
DomainName,ghostwriter-ai.com,,Block,Informational,Unsanctioned: Ungoverned AI,Unsanctioned: Ungoverned AI,Unsanctioned,,,,FALSE
DomainName,10studio.tech,,Block,Informational,Unsanctioned: Ungoverned AI,Unsanctioned: Ungoverned AI,Unsanctioned,,,,FALSE
DomainName,pdf.ai,,Block,Informational,Unsanctioned: Ungoverned AI,Unsanctioned: Ungoverned AI,Unsanctioned,,,,FALSE
DomainName,gocopy.io,,Block,Informational,Unsanctioned: Ungoverned AI,Unsanctioned: Ungoverned AI,Unsanctioned,,,,FALSE
DomainName,paragraphai.com,,Block,Informational,Unsanctioned: Ungoverned AI,Unsanctioned: Ungoverned AI,Unsanctioned,,,,FALSE
DomainName,on-page.ai,,Block,Informational,Unsanctioned: Ungoverned AI,Unsanctioned: Ungoverned AI,Unsanctioned,,,,FALSE
DomainName,textwizard.io,,Block,Informational,Unsanctioned: Ungoverned AI,Unsanctioned: Ungoverned AI,Unsanctioned,,,,FALSE
DomainName,wowto.ai,,Block,Informational,Unsanctioned: Ungoverned AI,Unsanctioned: Ungoverned AI,Unsanctioned,,,,FALSE
DomainName,goose.ai,,Block,Informational,Unsanctioned: Ungoverned AI,Unsanctioned: Ungoverned AI,Unsanctioned,,,,FALSE
DomainName,slidesgo.com,,Block,Informational,Unsanctioned: Ungoverned AI,Unsanctioned: Ungoverned AI,Unsanctioned,,,,FALSE
DomainName,pocketai.app,,Block,Informational,Unsanctioned: Ungoverned AI,Unsanctioned: Ungoverned AI,Unsanctioned,,,,FALSE
DomainName,bertha.ai,,Block,Informational,Unsanctioned: Ungoverned AI,Unsanctioned: Ungoverned AI,Unsanctioned,,,,FALSE
DomainName,cursor.com,,Block,Informational,Unsanctioned: Ungoverned AI,Unsanctioned: Ungoverned AI,Unsanctioned,,,,FALSE
DomainName,you.com,,Block,Informational,Unsanctioned: Ungoverned AI,Unsanctioned: Ungoverned AI,Unsanctioned,,,,FALSE
DomainName,slidebean.com,,Block,Informational,Unsanctioned: Ungoverned AI,Unsanctioned: Ungoverned AI,Unsanctioned,,,,FALSE
DomainName,slidesai.io,,Block,Informational,Unsanctioned: Ungoverned AI,Unsanctioned: Ungoverned AI,Unsanctioned,,,,FALSE
DomainName,chatpresentations.com,,Block,Informational,Unsanctioned: Ungoverned AI,Unsanctioned: Ungoverned AI,Unsanctioned,,,,FALSE
DomainName,flair.ai,,Block,Informational,Unsanctioned: Ungoverned AI,Unsanctioned: Ungoverned AI,Unsanctioned,,,,FALSE
DomainName,homedesigns.ai,,Block,Informational,Unsanctioned: Ungoverned AI,Unsanctioned: Ungoverned AI,Unsanctioned,,,,FALSE
DomainName,prezent.ai,,Block,Informational,Unsanctioned: Ungoverned AI,Unsanctioned: Ungoverned AI,Unsanctioned,,,,FALSE
DomainName,sendsteps.com,,Block,Informational,Unsanctioned: Ungoverned AI,Unsanctioned: Ungoverned AI,Unsanctioned,,,,FALSE
DomainName,mentimeter.com,,Block,Informational,Unsanctioned: Ungoverned AI,Unsanctioned: Ungoverned AI,Unsanctioned,,,,FALSE
DomainName,plusai.app,,Block,Informational,Unsanctioned: Ungoverned AI,Unsanctioned: Ungoverned AI,Unsanctioned,,,,FALSE
DomainName,gamma.app,,Block,Informational,Unsanctioned: Ungoverned AI,Unsanctioned: Ungoverned AI,Unsanctioned,,,,FALSE
DomainName,whiterabbitneo.com,,Block,Informational,Unsanctioned: Ungoverned AI,Unsanctioned: Ungoverned AI,Unsanctioned,,,,FALSE
DomainName,llama.fi,,Block,Informational,Unsanctioned: Ungoverned AI,Unsanctioned: Ungoverned AI,Unsanctioned,,,,FALSE
DomainName,notebooklm.google.com,,Block,Informational,Unsanctioned: Ungoverned AI,Unsanctioned: Ungoverned AI,Unsanctioned,,,,FALSE
DomainName,zhipuai.cn,,Block,Informational,Unsanctioned: Ungoverned AI,Unsanctioned: Ungoverned AI,Unsanctioned,,,,FALSE
DomainName,raena.ai,,Block,Informational,Unsanctioned: Ungoverned AI,Unsanctioned: Ungoverned AI,Unsanctioned,,,,FALSE
DomainName,capcut.com,,Block,Informational,Unsanctioned: Ungoverned AI,Unsanctioned: Ungoverned AI,Unsanctioned,,,,FALSE
DomainName,viggle.ai,,Block,Informational,Unsanctioned: Ungoverned AI,Unsanctioned: Ungoverned AI,Unsanctioned,,,,FALSE
DomainName,slideteam.net,,Block,Informational,Unsanctioned: Ungoverned AI,Unsanctioned: Ungoverned AI,Unsanctioned,,,,FALSE
DomainName,qwenlm.github.io,,Block,Informational,Unsanctioned: Ungoverned AI,Unsanctioned: Ungoverned AI,Unsanctioned,,,,FALSE
DomainName,ai.com,,Block,Informational,Unsanctioned: Ungoverned AI,Unsanctioned: Ungoverned AI,Unsanctioned,,,,FALSE
DomainName,oaistatic.com,,Block,Informational,Unsanctioned: Ungoverned AI,Unsanctioned: Ungoverned AI,Unsanctioned,,,,FALSE
DomainName,oaiusercontent.com,,Block,Informational,Unsanctioned: Ungoverned AI,Unsanctioned: Ungoverned AI,Unsanctioned,,,,FALSE
DomainName,deepmind.google,,Block,Informational,Unsanctioned: Ungoverned AI,Unsanctioned: Ungoverned AI,Unsanctioned,,,,FALSE
DomainName,deepmind.com,,Block,Informational,Unsanctioned: Ungoverned AI,Unsanctioned: Ungoverned AI,Unsanctioned,,,,FALSE
DomainName,synthesia.io,,Block,Informational,Unsanctioned: Ungoverned AI,Unsanctioned: Ungoverned AI,Unsanctioned,,,,FALSE
DomainName,fathom.video,,Block,Informational,Unsanctioned: Ungoverned AI,Unsanctioned: Ungoverned AI,Unsanctioned,,,,FALSE
DomainName,circleback.ai,,Block,Informational,Unsanctioned: Ungoverned AI,Unsanctioned: Ungoverned AI,Unsanctioned,,,,FALSE
DomainName,voicemaker.in,,Block,Informational,Unsanctioned: Ungoverned AI,Unsanctioned: Ungoverned AI,Unsanctioned,,,,FALSE
DomainName,sana.ai,,Block,Informational,Unsanctioned: Ungoverned AI,Unsanctioned: Ungoverned AI,Unsanctioned,,,,FALSE
DomainName,elevenlabs.com,,Block,Informational,Unsanctioned: Ungoverned AI,Unsanctioned: Ungoverned AI,Unsanctioned,,,,FALSE
DomainName,elevenlabs.io,,Block,Informational,Unsanctioned: Ungoverned AI,Unsanctioned: Ungoverned AI,Unsanctioned,,,,FALSE
DomainName,chatgptextension.ai,,Block,Informational,Unsanctioned: Ungoverned AI,Unsanctioned: Ungoverned AI,Unsanctioned,,,,FALSE
DomainName,chatbotapp.ai,,Block,Informational,Unsanctioned: Ungoverned AI,Unsanctioned: Ungoverned AI,Unsanctioned,,,,FALSE
DomainName,aichatonline.org,,Block,Informational,Unsanctioned: Ungoverned AI,Unsanctioned: Ungoverned AI,Unsanctioned,,,,FALSE
DomainName,yeschat.ai,,Block,Informational,Unsanctioned: Ungoverned AI,Unsanctioned: Ungoverned AI,Unsanctioned,,,,FALSE
DomainName,chatwhitehat.ai,,Block,Informational,Unsanctioned: Ungoverned AI,Unsanctioned: Ungoverned AI,Unsanctioned,,,,FALSE
DomainName,venice.ai,,Block,Informational,Unsanctioned: Ungoverned AI,Unsanctioned: Ungoverned AI,Unsanctioned,,,,FALSE
DomainName,miniapps.ai,,Block,Informational,Unsanctioned: Ungoverned AI,Unsanctioned: Ungoverned AI,Unsanctioned,,,,FALSE
DomainName,nomic.ai,,Block,Informational,Unsanctioned: Ungoverned AI,Unsanctioned: Ungoverned AI,Unsanctioned,,,,FALSE
DomainName,duck.ai,,Block,Informational,Unsanctioned: Ungoverned AI,Unsanctioned: Ungoverned AI,Unsanctioned,,,,FALSE
DomainName,secretllama.com,,Block,Informational,Unsanctioned: Ungoverned AI,Unsanctioned: Ungoverned AI,Unsanctioned,,,,FALSE
DomainName,jan.ai,,Block,Informational,Unsanctioned: Ungoverned AI,Unsanctioned: Ungoverned AI,Unsanctioned,,,,FALSE
DomainName,librechat.ai,,Block,Informational,Unsanctioned: Ungoverned AI,Unsanctioned: Ungoverned AI,Unsanctioned,,,,FALSE
DomainName,chatboxai.app,,Block,Informational,Unsanctioned: Ungoverned AI,Unsanctioned: Ungoverned AI,Unsanctioned,,,,FALSE
DomainName,khoj.dev,,Block,Informational,Unsanctioned: Ungoverned AI,Unsanctioned: Ungoverned AI,Unsanctioned,,,,FALSE
DomainName,farfalle.dev,,Block,Informational,Unsanctioned: Ungoverned AI,Unsanctioned: Ungoverned AI,Unsanctioned,,,,FALSE
DomainName,backyard.ai,,Block,Informational,Unsanctioned: Ungoverned AI,Unsanctioned: Ungoverned AI,Unsanctioned,,,,FALSE
DomainName,nectarhub.xyz,,Block,Informational,Unsanctioned: Ungoverned AI,Unsanctioned: Ungoverned AI,Unsanctioned,,,,FALSE
DomainName,moshi.chat,,Block,Informational,Unsanctioned: Ungoverned AI,Unsanctioned: Ungoverned AI,Unsanctioned,,,,FALSE
DomainName,pi.ai,,Block,Informational,Unsanctioned: Ungoverned AI,Unsanctioned: Ungoverned AI,Unsanctioned,,,,FALSE
DomainName,writingmate.ai,,Block,Informational,Unsanctioned: Ungoverned AI,Unsanctioned: Ungoverned AI,Unsanctioned,,,,FALSE
DomainName,abacus.ai,,Block,Informational,Unsanctioned: Ungoverned AI,Unsanctioned: Ungoverned AI,Unsanctioned,,,,FALSE
DomainName,chatgptchromeextension.com,,Block,Informational,Unsanctioned: Ungoverned AI,Unsanctioned: Ungoverned AI,Unsanctioned,,,,FALSE
DomainName,deepseekai.works,,Block,Informational,Unsanctioned: Ungoverned AI,Unsanctioned: Ungoverned AI,Unsanctioned,,,,FALSE
DomainName,devin.ai,,Block,Informational,Unsanctioned: Ungoverned AI,Unsanctioned: Ungoverned AI,Unsanctioned,,,,FALSE
